step,forcing,observed
0,6.5,2.184
1,7.31617786788222,4.03071576360843
2,7.87937998507974,5.54958702478486
3,4.04972264566974,5.35640946679013
4,3.86080529550421,5.15384539537831
5,3.49935027158159,4.8865503759238
6,3.21380787519307,4.59815571673001
7,3.1948562840824,4.38414382749729
8,3.48384467300735,4.32715536592852
9,3.95211567829931,4.4434627313771
10,4.36093689710534,4.66456796401891
11,4.47400980781631,4.8617562295199
12,4.16987904711088,4.90154384508358
13,3.50156905845716,4.70563877210178
14,2.6754285697995,4.28700391536592
15,1.9589321599536,3.74484402480787
16,1.56040131460909,3.22058253957032
17,1.53672522779073,2.83515910502832
18,1.77204705620338,2.63672236650472
19,2.0371713636659,2.58292968207514
20,2.10168259700322,2.56587472368718
21,1.84611351367144,2.46772394164837
22,1.32150043636123,2.2207853846042
23,4.72830912458289,3.18767734277488
24,4.32447719048028,3.74815202279929
25,4.30552559936961,4.14532605780368
26,0.712803526008642,3.22413674635755
27,1.41281081915632,2.79608289261396
28,2.15732776510704,2.73804181175802
29,2.69631241973979,2.87735107749834
30,2.89087254289456,3.04302595021138
31,2.77361611466053,3.12291369867813
32,2.52833166547246,3.098017302647
33,2.39871345964243,3.03654018034569
34,2.56905612023242,3.04951178624699
35,3.07295909309445,3.22816274137757
36,3.77296638624213,3.5919938795692
37,4.42085828596985,4.0716439773757
38,4.77054868890193,4.53448802318155
39,4.69089508378413,4.84097212484219
40,4.22573179295984,4.90534581232088
41,3.57309069469558,4.73240745828875
42,2.993343282379,4.41309671284724
43,2.68921252167357,4.08100504053233
44,2.71372285604739,3.8501345088152
45,2.94904468446004,3.76297586032552
46,7.16598257073038,5.11711276319978
47,7.13609371942862,6.08204867923186
48,6.74377563856752,6.64498366360562
49,2.04566317086392,5.47173106320633
50,1.24932516125613,4.35941961969061
51,0.621016071565902,3.34744352622339
52,0.365446988234121,2.5329495269275
53,0.533654233951462,2.00303148199549
54,1.00192523924342,1.77882954742254
55,1.53152760125706,1.7953505481666
56,1.88121800418915,1.92474164408751
57,1.91985393678543,2.03088490650291
58,1.68642693381685,2.02887658244456
59,1.36948156269728,1.92093694442637
60,1.21564589430247,1.79153162047261
61,1.41020601745724,1.76373198860592
62,1.98576991225077,1.93710572231252
63,2.80194778013299,2.3361705741897
64,3.60576387041921,2.89357947387743
65,4.14474852505195,3.47601272560921
66,4.28000950387123,3.94081235573936
67,4.04658250090266,4.19703661643564
68,3.63301208356009,4.24255842390985
69,7.28988216346462,5.5040424721392
70,7.21022855834681,6.38554737554475
71,7.43788559055007,7.09672366881705
72,3.84670680935611,6.40213452949193
73,4.20039369315578,6.02086914213453
74,4.2649049264931,5.76803383763854
75,3.92077326682417,5.47036418075267
76,3.22266079912058,5.02147623864644
77,2.37813636832061,4.41451671158116
78,1.65542719399131,3.73467556951951
79,1.26310911313019,3.1133710720658
80,1.25781696845415,2.66425367328797
81,1.52294127591667,2.42997091347533
82,1.82806648234268,2.36380939576938
83,1.94113939305365,2.35416560101998
84,1.74070464472824,2.27987599336308
85,1.27554135390395,2.07009261013314
86,0.743681398847302,1.74034362930856
87,0.40055147875183,1.38763270996278
88,0.439187411348103,1.14666252138616
89,0.898580731407087,1.12752014115082
90,1.64309767735781,1.36389532122081
91,2.42269630507925,1.79603058978561
92,6.98589842227677,3.64040389453064
93,7.19282032302755,5.03787843259932
94,7.07556389479352,6.00466194012213
95,2.81791766800945,5.27017693333911
96,2.66408199961464,4.68965894387468
97,2.79934297843391,4.31713368034356
98,3.25873629849289,4.20327164614098
99,3.90662819822062,4.33898265982363
100,4.4969325742414,4.63503686001813
101,4.78592096316635,4.94529598283694
102,4.64493600132686,5.12131160408842
103,4.12032292401666,5.07177285741326
104,3.41254749074601,4.79829241422821
105,2.78423840105578,4.39027464099905
106,2.44010674138686,3.9808736066253
107,2.4348145967108,3.68432670126505
108,2.65175248298115,3.5437040591925
109,2.86247760476808,3.51325939782068
110,2.83880151794973,3.48338407646199
111,2.46486737923093,3.33623197447423
112,1.79655739057721,3.00573030485539
113,1.04022027993292,2.51363983355334
114,0.460472867616341,1.9645395636775
115,4.26003811929093,2.84584129392955
116,4.48769515149419,3.55687130253132
117,5.01729751350784,4.24675930236119
118,1.6076018895286,3.59782093258166
119,2.01487981616764,3.26743068969112
120,2.10563114218387,3.06004216035139
121,1.91671379201835,2.84724618957117
122,1.63485010266949,2.59932689098819
123,1.50523189683946,2.37727327884955
124,1.71215379759023,2.286920436762
125,2.28771769238375,2.41525585910958
126,3.09153378266998,2.77773956953601
127,3.87113241039142,3.30067297995744
128,4.37503538325344,3.84649643434252
129,4.46578670926968,4.26998176704122
130,4.18024431288116,4.47894896139775
131,3.70908637183163,4.47109627314181
132,3.30525443772903,4.32975480773905
133,3.16426947588954,4.180618005471
134,3.33247672160688,4.12975714239903
135,3.68616360540654,4.2119761139439
136,3.99128881183256,4.37369584281535
137,4.01579914620639,4.4983695199524
138,7.64186500748759,5.80649269688155
139,6.92536859764168,6.50759859056233
140,6.07463140235832,6.72654713639727
141,1.35813499251242,5.29944729569021
142,0.984200853793612,4.1462935397716
143,1.00871118816743,3.32425830785981
144,1.31383639459345,2.83491501024246
145,1.66752327839312,2.60142662891466
146,1.83573052411046,2.48983262891967
147,1.69474556227097,2.36211400174521
148,1.29091362816837,2.13446906032112
149,0.819755687118851,1.81225563430314
150,0.534213290730326,1.48431972238365
151,0.624964616746551,1.27869831134307
152,1.12886758960857,1.29996229427549
153,1.90846621733003,1.57721750090124
154,2.71228230761624,2.04692345600795
155,3.28784620240976,2.57850121233541
156,3.49476810316054,3.03076295554344
157,3.36514989733052,3.31283969349433
158,3.08328620798166,3.42122874519775
159,2.89436885781613,3.4357926327686
160,2.98512018383236,3.47677107736107
161,7.39239811047139,4.98712094081835
162,7.98270248649216,6.27291511285058
163,8.51230484850581,7.37663331035037
164,4.73996188070907,6.90380317537051
165,4.53952713238367,6.49601940274769
166,3.95977972006708,6.00761995592087
167,3.20344260942279,5.40184308502908
168,2.53513262076907,4.74113158179935
169,2.16119848205027,4.13977742886442
170,2.13752239523192,3.69884727358031
171,2.34824751701885,3.45218120269615
172,2.56518540328919,3.3474727614464
173,2.55989325861315,3.27030452313542
174,2.21576159894423,3.09911515390277
175,1.587452509254,2.76474695391934
176,0.879677075983369,2.28618930435233
177,0.355063998673138,1.76535780268786
178,0.214079036833654,1.34298817431136
179,0.503067425758598,1.13598214055907
180,1.09337180177937,1.1852800666004
181,1.7412637015071,1.43846625165867
182,2.20065702156608,1.77511646044045
183,2.33591800038536,2.0629522996466
184,6.18208233199055,3.56250531929438
185,5.92443610520649,4.55561436124133
186,5.80717967697245,5.2312547115565
187,2.01410157772323,4.44324152243569
188,2.57730369492076,4.06510793764707
189,3.35690232264219,4.05479689551367
190,4.10141926859291,4.29753063901706
191,4.56081258865189,4.62665508987932
192,4.59944852124818,4.8766063678525
193,4.2563186011527,4.94127963484111
194,3.72445864609606,4.80913944217387
195,3.25929535527176,4.5577036377365
196,3.05886060694635,4.30932378310425
197,3.17193351765732,4.16848278576792
198,3.47705872408334,4.1695993370449
199,3.74218303154585,4.25948502127174
200,3.7368908868698,4.3224245533039
201,3.3445728060087,4.23592214119774
202,2.62186363167939,3.93081012190664
203,1.77733920087944,3.42736925926827
204,1.07922673317583,2.83032604902024
205,0.735095073506904,2.28482669999289
206,0.79960630684421,1.91374294309454
207,5.15329319064388,3.10940143108441
208,5.56211440944993,4.10763947195595
209,5.78977144165319,4.90286362420376
210,1.71011783653538,4.10466140250259
211,1.3669879164399,3.41466414972567
212,0.953417499097337,2.77890646749919
213,0.719990496128778,2.24272946329869
214,0.855251474948046,1.9021297091576
215,1.39423612958078,1.83799673013261
216,2.198052219867,2.06190319157079
217,3.01423008774922,2.49735160741471
218,3.58979398254275,3.00426393547295
219,3.78435410569753,3.4346130130549
220,3.63051843730273,3.69277556433325
221,3.31357306618314,3.77215895655747
222,3.08014606321458,3.75088352596148
223,3.11878199581085,3.74854688928471
224,3.46847239874293,3.86436048626262
225,3.99807476075658,4.12569266972329
226,4.46634576604853,4.47119089959308
227,4.63455301176588,4.77646725966035
228,4.37898392843411,4.91039502690931
229,3.7506748387439,4.79571116519266
230,6.95433682913608,5.78956921352843
231,6.25622436143249,6.27058121918179
232,5.86390628057138,6.48509098808287
233,1.83401742926962,5.28549536765426
234,2.05095531553997,4.4946776507325
235,2.28627714395261,4.00435702889548
236,2.31078747832644,3.65956165352242
237,2.00665671762101,3.30912104765681
238,1.42690930530445,2.86200868089519
239,0.774268207040169,2.32080036781004
